curr_id,curr_title,n,prev_id,prev_title,type
3632887,!!,121,null,other-google,other
3632887,!!,93,null,other-wikipedia,other
3632887,!!,46,null,other-empty,other
3632887,!!,10,null,other-other,other
3632887,!!,11,64486,!_(disambiguation),other
2556962,!!!_(album),19,2061699,Louden_Up_Now,link
2556962,!!!_(album),25,null,other-empty,other
2556962,!!!_(album),16,null,other-google,other
2556962,!!!_(album),44,null,other-wikipedia,other
2556962,!!!_(album),15,64486,!_(disambiguation),link
2556962,!!!_(album),297,600744,!!!,link
6893310,!Hero_(album),11,null,other-empty,other
6893310,!Hero_(album),26,1921683,!Hero,link
6893310,!Hero_(album),16,null,other-wikipedia,other
6893310,!Hero_(album),23,null,other-google,other
22602473,!Oka_Tokat,16,8127304,Jericho_Rosales,link
22602473,!Oka_Tokat,20,35978874,List_of_telenovelas_of_ABS-CBN,link
22602473,!Oka_Tokat,57,null,other-google,other
22602473,!Oka_Tokat,12,null,other-wikipedia,other
22602473,!Oka_Tokat,23,null,other-empty,other
22602473,!Oka_Tokat,10,7360687,Rica_Peralejo,link
22602473,!Oka_Tokat,11,37104582,Jeepney_TV,link
22602473,!Oka_Tokat,22,34376590,Oka_Tokat_(2012_TV_series),link
6810768,!T.O.O.H.!,20,null,other-wikipedia,other
6810768,!T.O.O.H.!,81,null,other-google,other
6810768,!T.O.O.H.!,51,31976181,"List_of_death_metal_bands,_!–K",link
6810768,!T.O.O.H.!,35,null,other-empty,other
3243047,!_(album),21,null,other-empty,other
3243047,!_(album),208,1337475,The_Dismemberment_Plan,link
3243047,!_(album),78,3284285,The_Dismemberment_Plan_Is_Terrified,link
3243047,!_(album),28,null,other-wikipedia,other
899480,"""A""_Device",58,2098292,United_States_military_award_devices,link
899480,"""A""_Device",15,194844,USS_Yorktown_(CV-5),link
899480,"""A""_Device",17,null,other-google,other
899480,"""A""_Device",13,null,other-empty,other
899480,"""A""_Device",29,null,other-wikipedia,other
899480,"""A""_Device",11,878246,American_Defense_Service_Medal,link
899480,"""A""_Device",24,855901,Overseas_Service_Ribbon,other
899480,"""A""_Device",33,206427,USS_Ranger_(CV-4),link
899480,"""A""_Device",47,773691,Antarctica_Service_Medal,link
1282996,"""A""_Is_for_Alibi",43,2301720,Kinsey_Millhone,link
1282996,"""A""_Is_for_Alibi",45,null,other-empty,other
1282996,"""A""_Is_for_Alibi",10,null,other-yahoo,other
1282996,"""A""_Is_for_Alibi",207,470006,Sue_Grafton,link
1282996,"""A""_Is_for_Alibi",18,null,other-other,other
1282996,"""A""_Is_for_Alibi",31,null,other-wikipedia,other
1282996,"""A""_Is_for_Alibi",272,null,other-google,other
1282996,"""A""_Is_for_Alibi",10,39606873,"""W""_Is_for_Wasted",link
9003666,"""And""_theory_of_conservatism",17,26181056,And,link
9003666,"""And""_theory_of_conservatism",109,null,other-wikipedia,other
9003666,"""And""_theory_of_conservatism",18,null,other-google,other
39072529,"""Bassy""_Bob_Brockmann",49,null,other-google,other
39072529,"""Bassy""_Bob_Brockmann",10,null,other-other,other
null,"""Bigfoot""_Wallace",15,11273993,Colt_1851_Navy_Revolver,redlink
25033979,"""C""_is_for_(Please_Insert_Sophomoric_Genitalia_Reference_HERE)",12,12571133,"""V""_Is_for_Vagina",link
25033979,"""C""_is_for_(Please_Insert_Sophomoric_Genitalia_Reference_HERE)",24,113468,The_Mission,link
25033979,"""C""_is_for_(Please_Insert_Sophomoric_Genitalia_Reference_HERE)",15,14096078,Trent_Reznor_discography,other
25033979,"""C""_is_for_(Please_Insert_Sophomoric_Genitalia_Reference_HERE)",42,null,other-empty,other
25033979,"""C""_is_for_(Please_Insert_Sophomoric_Genitalia_Reference_HERE)",15,1375614,Tapeworm_(band),other
25033979,"""C""_is_for_(Please_Insert_Sophomoric_Genitalia_Reference_HERE)",25,159547,Milla_Jovovich,other
25033979,"""C""_is_for_(Please_Insert_Sophomoric_Genitalia_Reference_HERE)",73,28639397,Sound_into_Blood_into_Wine,link
25033979,"""C""_is_for_(Please_Insert_Sophomoric_Genitalia_Reference_HERE)",30,1893465,Carina_Round,other
25033979,"""C""_is_for_(Please_Insert_Sophomoric_Genitalia_Reference_HERE)",10,33622887,Conditions_of_My_Parole,link
25033979,"""C""_is_for_(Please_Insert_Sophomoric_Genitalia_Reference_HERE)",25,147692,Tim_Alexander,other
25033979,"""C""_is_for_(Please_Insert_Sophomoric_Genitalia_Reference_HERE)",593,4619790,Puscifer,link
25033979,"""C""_is_for_(Please_Insert_Sophomoric_Genitalia_Reference_HERE)",36,null,other-wikipedia,other
25033979,"""C""_is_for_(Please_Insert_Sophomoric_Genitalia_Reference_HERE)",93,null,other-google,other
null,"""Chúc_Mừng_Năm_Mới""_or_best_wishes_for_the_new_year.",51,69161,Tết,redlink
null,"""Cool_Hand_Conor""_O'Neill",14,1438509,List_of_Old_West_gunfighters,redlink
331586,"""Crocodile""_Dundee",6820,null,other-google,other
331586,"""Crocodile""_Dundee",20,null,other-twitter,other
331586,"""Crocodile""_Dundee",781,null,other-wikipedia,other
331586,"""Crocodile""_Dundee",59,489033,List_of_Academy_Awards_ceremonies,link
331586,"""Crocodile""_Dundee",38,10040606,List_of_Australian_films,other
331586,"""Crocodile""_Dundee",154,2564144,Crocodile_Dundee_in_Los_Angeles,link
331586,"""Crocodile""_Dundee",14,6127928,Bobby_Alto,other
331586,"""Crocodile""_Dundee",13,152171,Baz_Luhrmann,link
331586,"""Crocodile""_Dundee",348,8078282,Australia_(2008_film),link
331586,"""Crocodile""_Dundee",66,37386608,2015_in_film,link
331586,"""Crocodile""_Dundee",12,34557,1980s,other
331586,"""Crocodile""_Dundee",297,1118809,"""Crocodile""_Dundee_II",link
331586,"""Crocodile""_Dundee",52,7033,Caitlin_Clarke,other
331586,"""Crocodile""_Dundee",31,72766,Dundee_(disambiguation),other
331586,"""Crocodile""_Dundee",221,171612,1986_in_film,link
331586,"""Crocodile""_Dundee",34,2376452,Australian_New_Wave,other
331586,"""Crocodile""_Dundee",60,1248074,David_Gulpilil,link
331586,"""Crocodile""_Dundee",10,865241,Crocodile_Hunter,other
331586,"""Crocodile""_Dundee",12,196020,Crocodilia,link
331586,"""Crocodile""_Dundee",85,643649,List_of_most_watched_television_broadcasts,link
331586,"""Crocodile""_Dundee",13,8306521,Anne_Carlisle,other
331586,"""Crocodile""_Dundee",18,1448969,Bart_vs._Australia,other
331586,"""Crocodile""_Dundee",153,70209,Cinema_of_Australia,link
331586,"""Crocodile""_Dundee",18,4008173,59th_Academy_Awards,link
331586,"""Crocodile""_Dundee",17,331460,Bowie_knife,link
331586,"""Crocodile""_Dundee",21,37882,Crocodile,other
331586,"""Crocodile""_Dundee",1283,44789934,Deaths_in_2015,link
331586,"""Crocodile""_Dundee",30,22344579,Academy_Award_for_Best_Original_Screenplay,link
331586,"""Crocodile""_Dundee",10,1872502,Boy-Scoutz_'n_the_Hood,other
331586,"""Crocodile""_Dundee",13,5644,Comedy_film,link
331586,"""Crocodile""_Dundee",10,458340,List_of_films_set_in_New_York_City,other
331586,"""Crocodile""_Dundee",20,905528,List_of_films_set_in_Australia,other
331586,"""Crocodile""_Dundee",12,19924718,Hello_Kitty's_Furry_Tale_Theater,other
331586,"""Crocodile""_Dundee",147,1422400,Linda_Kozlowski,other
331586,"""Crocodile""_Dundee",28,10449888,List_of_Paramount_Pictures_films,link
331586,"""Crocodile""_Dundee",20,11730578,List_of_American_films_of_1986,other
331586,"""Crocodile""_Dundee",45,2321513,John_Meillon,link
331586,"""Crocodile""_Dundee",910,null,other-empty,other
331586,"""Crocodile""_Dundee",15,238004,The_Rescuers_Down_Under,other
331586,"""Crocodile""_Dundee",13,483895,Young_Einstein,link
331586,"""Crocodile""_Dundee",21,6534317,The_Man_from_Snowy_River_(1982_film),other
331586,"""Crocodile""_Dundee",11,61066,Skippy_the_Bush_Kangaroo,link
331586,"""Crocodile""_Dundee",83,10670306,"Michael_""Crocodile""_Dundee",link
331586,"""Crocodile""_Dundee",1222,693780,Paul_Hogan,link
331586,"""Crocodile""_Dundee",26,566405,Saltwater_crocodile,other
331586,"""Crocodile""_Dundee",274,null,other-yahoo,other
331586,"""Crocodile""_Dundee",13,20813810,Peter_Best_(composer),other
331586,"""Crocodile""_Dundee",28,1260945,Reginald_VelJohnson,other
331586,"""Crocodile""_Dundee",12,1065264,Plaza_Hotel,link
331586,"""Crocodile""_Dundee",30,40156059,Live_It_Up_(Mental_As_Anything_song),link
331586,"""Crocodile""_Dundee",289,15580374,Main_Page,other
331586,"""Crocodile""_Dundee",14,1264623,Mental_As_Anything,link
331586,"""Crocodile""_Dundee",16,22466550,Paul_Greco,other
331586,"""Crocodile""_Dundee",140,22918,Paramount_Pictures,link
331586,"""Crocodile""_Dundee",31,1352817,Rodney_Ansell,link
331586,"""Crocodile""_Dundee",308,null,other-other,other
331586,"""Crocodile""_Dundee",11,6873934,Steve_Irwin,other
331586,"""Crocodile""_Dundee",417,null,other-bing,other
331586,"""Crocodile""_Dundee",38,88609,Star_Trek_IV:_The_Voyage_Home,link
331586,"""Crocodile""_Dundee",1690,4464034,Terry_Gill,link
331586,"""Crocodile""_Dundee",17,4148842,The_Cowboy_Way_(film),other
331586,"""Crocodile""_Dundee",33,2747201,Shrimp_on_the_barbie,other
331586,"""Crocodile""_Dundee",20,885480,The_Adventures_of_Bayou_Billy,other
16250593,"""D""_Is_for_Deadbeat",24,470006,Sue_Grafton,link
16250593,"""D""_Is_for_Deadbeat",31,16250549,"""C""_Is_for_Corpse",link
16250593,"""D""_Is_for_Deadbeat",21,null,other-google,other
16250593,"""D""_Is_for_Deadbeat",10,2301720,Kinsey_Millhone,link
16250593,"""D""_Is_for_Deadbeat",15,null,other-empty,other
null,"""D""_Is_for_Dubby_–_The_Lustmord_Dub_Mixes",47,4619790,Puscifer,redlink
null,"""D""_Is_for_Dubby_–_The_Lustmord_Dub_Mixes",43,16079543,"""V""_Is_for_Viagra._The_Remixes",redlink
null,"""D""_Is_for_Dubby_–_The_Lustmord_Dub_Mixes",18,25033979,"""C""_is_for_(Please_Insert_Sophomoric_Genitalia_Reference_HERE)",redlink
39304968,"""David_Hockney:_A_Bigger_Picture""_in_Bilbao",44,238341,David_Hockney,link
39304968,"""David_Hockney:_A_Bigger_Picture""_in_Bilbao",17,1728819,Brian_Sewell,link
39304968,"""David_Hockney:_A_Bigger_Picture""_in_Bilbao",108,null,other-google,other
1896643,"""Dr._Death""_Steve_Williams",25,2548364,Dutch_Mantel,link
1896643,"""Dr._Death""_Steve_Williams",34,1910311,Clash_of_the_Champions,link
1896643,"""Dr._Death""_Steve_Williams",33,1451758,Alexey_Ignashov,link
1896643,"""Dr._Death""_Steve_Williams",15,1983348,Dan_Spivey,link
1896643,"""Dr._Death""_Steve_Williams",31,1691016,Kevin_Sullivan_(wrestler),link
1896643,"""Dr._Death""_Steve_Williams",19,16409926,Learning_the_Ropes,link
1896643,"""Dr._Death""_Steve_Williams",238,1002441,Jim_Ross,link
1896643,"""Dr._Death""_Steve_Williams",12,2004376,List_of_NWA_World_Tag_Team_Champions,link
1896643,"""Dr._Death""_Steve_Williams",27,306115,List_of_Extreme_Championship_Wrestling_alumni,link
1896643,"""Dr._Death""_Steve_Williams",20,24445746,List_of_Legends_of_Wrestling_characters,link
1896643,"""Dr._Death""_Steve_Williams",19,1441354,Jushin_Thunder_Liger,link
1896643,"""Dr._Death""_Steve_Williams",24,1902117,List_of_World_Championship_Wrestling_alumni,link
1896643,"""Dr._Death""_Steve_Williams",38,39275628,List_of_professional_wrestlers_by_MMA_record,link
1896643,"""Dr._Death""_Steve_Williams",72,33244435,List_of_Wrestling_Observer_Newsletter_awards,link
1896643,"""Dr._Death""_Steve_Williams",1227,null,other-google,other
1896643,"""Dr._Death""_Steve_Williams",226,null,other-wikipedia,other
1896643,"""Dr._Death""_Steve_Williams",24,307526,Raven_(wrestler),link
1896643,"""Dr._Death""_Steve_Williams",75,1871528,Mike_Polchlopek,link
1896643,"""Dr._Death""_Steve_Williams",31,1235858,Ron_Simmons,link
1896643,"""Dr._Death""_Steve_Williams",46,3730230,Powerslam,link
1896643,"""Dr._Death""_Steve_Williams",21,1779766,Nikita_Koloff,link
1896643,"""Dr._Death""_Steve_Williams",10,9044129,Salman_Hashimikov,link
1896643,"""Dr._Death""_Steve_Williams",36,1854348,Michael_Hayes_(wrestler),link
1896643,"""Dr._Death""_Steve_Williams",21,690045,Sid_Eudy,link
1896643,"""Dr._Death""_Steve_Williams",30,1984531,Skandor_Akbar,link
1896643,"""Dr._Death""_Steve_Williams",23,844984,Ring_name,link
1896643,"""Dr._Death""_Steve_Williams",46,30864960,Mike_Rotunda,link
1896643,"""Dr._Death""_Steve_Williams",15,1887139,The_Blade_Runners,link
1896643,"""Dr._Death""_Steve_Williams",17,17599211,Starrcade_(1987),link
1896643,"""Dr._Death""_Steve_Williams",42,2143297,Triple_Crown_Heavyweight_Championship,link
1896643,"""Dr._Death""_Steve_Williams",104,1873599,Terry_Gordy,link
1896643,"""Dr._Death""_Steve_Williams",47,472883,Universal_Wrestling_Federation_(Bill_Watts),link
1896643,"""Dr._Death""_Steve_Williams",190,null,other-empty,other
1896643,"""Dr._Death""_Steve_Williams",39,1848273,Vampiro,link
1896643,"""Dr._Death""_Steve_Williams",245,579700,Steve_Williams,link
1896643,"""Dr._Death""_Steve_Williams",17,13268270,The_Miracle_Violence_Connection,link
1896643,"""Dr._Death""_Steve_Williams",38,2100406,The_Bushwhackers,link
1896643,"""Dr._Death""_Steve_Williams",45,2267673,Wrestling_Observer_Newsletter_Hall_of_Fame,link
1896643,"""Dr._Death""_Steve_Williams",10,2001780,Carl_Ouellet,link
1896643,"""Dr._Death""_Steve_Williams",128,1889491,Dr._Death,link
1896643,"""Dr._Death""_Steve_Williams",28,2748007,Bill_Watts,link
1896643,"""Dr._Death""_Steve_Williams",33,591757,Big_Boss_Man_(wrestler),link
1896643,"""Dr._Death""_Steve_Williams",12,1912776,Chi-Town_Rumble,link
1896643,"""Dr._Death""_Steve_Williams",18,1027406,Big_Van_Vader,link
1896643,"""Dr._Death""_Steve_Williams",11,1690819,Barry_Windham,link
1896643,"""Dr._Death""_Steve_Williams",17,2024278,Kenta_Kobashi,link
1896643,"""Dr._Death""_Steve_Williams",44,1931006,John_Laurinaitis,link
1896643,"""Dr._Death""_Steve_Williams",24,272874,Lex_Luger,link
1896643,"""Dr._Death""_Steve_Williams",10,3864676,Gary_Albright,link
1896643,"""Dr._Death""_Steve_Williams",17,30654736,List_of_Pro_Wrestling_Illustrated_awards,link
1896643,"""Dr._Death""_Steve_Williams",11,1911262,Halloween_Havoc,link
1896643,"""Dr._Death""_Steve_Williams",105,795587,Jerry_Only,link
1896643,"""Dr._Death""_Steve_Williams",16,1785504,Ed_Ferrara,link
1896643,"""Dr._Death""_Steve_Williams",51,21771811,List_of_WWE_alumni_(S–Z),link
1896643,"""Dr._Death""_Steve_Williams",12,1985456,List_of_WCW_World_Tag_Team_Champions,link
1896643,"""Dr._Death""_Steve_Williams",54,null,other-other,other
1896643,"""Dr._Death""_Steve_Williams",70,null,other-yahoo,other
1896643,"""Dr._Death""_Steve_Williams",10,1683451,Paul_Orndorff,link
1896643,"""Dr._Death""_Steve_Williams",34,1766555,One_Man_Gang,link
1896643,"""Dr._Death""_Steve_Williams",12,1940350,Powerbomb,other
1896643,"""Dr._Death""_Steve_Williams",17,993933,Rikishi_(wrestler),link
1896643,"""Dr._Death""_Steve_Williams",19,1286898,Mitsuharu_Misawa,link
1896643,"""Dr._Death""_Steve_Williams",36,1840022,Pro_Wrestling_Illustrated,link
1896643,"""Dr._Death""_Steve_Williams",27,4167276,Serena_Deeb,link
1896643,"""Dr._Death""_Steve_Williams",18,674611,Tazz,link
1896643,"""Dr._Death""_Steve_Williams",19,471752,World_Class_Championship_Wrestling,link
1896643,"""Dr._Death""_Steve_Williams",75,null,other-bing,other
1896643,"""Dr._Death""_Steve_Williams",12,2652496,Virtual_Pro_Wrestling_2:_Ōdō_Keishō,link
1896643,"""Dr._Death""_Steve_Williams",14,882433,Theodore_Long,link
1896643,"""Dr._Death""_Steve_Williams",17,17935523,Starrcade_(1999),link
1896643,"""Dr._Death""_Steve_Williams",35,1896801,The_Varsity_Club,link
1896643,"""Dr._Death""_Steve_Williams",255,3202675,WWF_Brawl_for_All,link
1896643,"""Dr._Death""_Steve_Williams",12,1513139,Starrcade,link
1896643,"""Dr._Death""_Steve_Williams",13,5978726,The_Great_American_Bash,link
1896643,"""Dr._Death""_Steve_Williams",33,3209327,Universal_Wrestling_Federation_(Herb_Abrams),link
16251903,"""E""_Is_for_Evidence",26,470006,Sue_Grafton,link
16251903,"""E""_Is_for_Evidence",10,null,other-wikipedia,other
16251903,"""E""_Is_for_Evidence",26,null,other-google,other
16251903,"""E""_Is_for_Evidence",27,16250593,"""D""_Is_for_Deadbeat",link
16251903,"""E""_Is_for_Evidence",10,2301720,Kinsey_Millhone,link
null,EXO_Music_Video_Drama,23,39737124,Yoon_So-hee,redlink
null,"""Firth""_logistic_regression",24,29668256,Separation_(statistics),redlink
27653497,"""Five_stars_rise_in_the_East""_arm_protector",12,null,other-empty,other
27653497,"""Five_stars_rise_in_the_East""_arm_protector",32,null,other-wikipedia,other
27653497,"""Five_stars_rise_in_the_East""_arm_protector",17,33109636,List_of_Chinese_cultural_relics_forbidden_to_be_exhibited_abroad,other
44783572,"""Free_Albania""_National_Committee",10,3855385,Albanian_Subversion,link
44783572,"""Free_Albania""_National_Committee",12,1733948,Midhat_Frashëri,link
44783572,"""Free_Albania""_National_Committee",13,null,other-google,other
null,"""Future_(rapper)""_on_@Wikipedia:_https://en.wikipedia.org/wiki/Future_(rapper)",20,1696824,"Kirkwood,_Atlanta",redlink
37732991,"""Good_Day,_Fellow!""_""Axe_Handle!""",14,null,other-google,other
37732991,"""Good_Day,_Fellow!""_""Axe_Handle!""",16,null,other-wikipedia,other
8617839,"Good_Luck,_Father_Ted",15,null,other-wikipedia,other
8617839,"Good_Luck,_Father_Ted",64,null,other-google,other
8617839,"Good_Luck,_Father_Ted",16,26941571,List_of_Father_Ted_characters,link
8617839,"Good_Luck,_Father_Ted",10,11313,Father_Ted,link
8617839,"Good_Luck,_Father_Ted",94,6734598,List_of_Father_Ted_episodes,link
8617839,"Good_Luck,_Father_Ted",13,8618299,Entertaining_Father_Stone,link
8617839,"Good_Luck,_Father_Ted",18,null,other-empty,other
16204072,"""H""_Is_for_Homicide",23,16203597,"""G""_Is_for_Gumshoe",link
16204072,"""H""_Is_for_Homicide",24,null,other-google,other
16204072,"""H""_Is_for_Homicide",11,2301720,Kinsey_Millhone,link
16204072,"""H""_Is_for_Homicide",26,470006,Sue_Grafton,link
1261557,Heroes,13,38164596,Where_Are_We_Now?,link
1261557,Heroes,38,null,other-bing,other
1261557,Heroes,59,1261548,Station_to_Station,link
1261557,Heroes,61,809108,The_Thin_White_Duke,link
1261557,Heroes,395,3041018,Stage_(David_Bowie_album),link
1261557,Heroes,23,77767,The_Rise_and_Fall_of_Ziggy_Stardust_and_the_Spiders_from_Mars,link
1261557,Heroes,29,4231979,V-2_Schneider,link
1261557,Heroes,17,1261545,Young_Americans_(album),link
1261557,Heroes,14,1448584,Symphony_No._1_(Glass),link
1261557,Heroes,30,null,other-other,other
1261557,Heroes,11,954203,Neu!_'75,link
1261557,Heroes,10,24540,Philip_Glass,link
1261557,Heroes,40,15580374,Main_Page,other
1261557,Heroes,16,4232032,Sense_of_Doubt,link
1261557,Heroes,12,286992,Oblique_Strategies,link
1261557,Heroes,2625,1448572,Low_(David_Bowie_album),link
1261557,Heroes,17,21222062,Brian_Eno,link
1261557,Heroes,2302,8786,David_Bowie,link
1261557,Heroes,1076,331174,David_Bowie_discography,link
1261557,Heroes,18,195834,Aladdin_Sane,link
1261557,Heroes,30,3371542,Beauty_and_the_Beast_(David_Bowie_song),link
1261557,Heroes,16,2371832,Carlos_Alomar,link
1261557,Heroes,10,2242811,Best_of_Bowie,link
1261557,Heroes,748,3239642,"""Heroes""_(David_Bowie_song)",link
1261557,Heroes,17,2717533,Joe_the_Lion,link
1261557,Heroes,12,10631715,Fripp_&_Eno,link
1261557,Heroes,13,12439517,Hansa_Tonstudio,link
1261557,Heroes,11,735563,Florian_Schneider,link
1261557,Heroes,1904,null,other-google,other
1261557,Heroes,423,null,other-wikipedia,other
1261557,Heroes,13,null,other-twitter,other
1261557,Heroes,15,525018,Hunky_Dory,link
1261557,Heroes,10,1261524,Let's_Dance_(David_Bowie_album),link
1261557,Heroes,482,11327948,Heroes,other
1261557,Heroes,88,1261561,Lodger_(album),link
1261557,Heroes,17,4231891,Blackout_(David_Bowie_song),link
1261557,Heroes,25,160783,1977_in_music,link
1261557,Heroes,10,1055167,Diamond_Dogs,link
1261557,Heroes,11,700842,David_Bowie_(1969_album),link
1261557,Heroes,33,null,other-yahoo,other
1261557,Heroes,410,null,other-empty,other
1261557,Heroes,150,38164057,The_Next_Day,link
1261557,Heroes,26,751761,Tony_Visconti,link
1261557,Heroes,35,1448522,Symphony_No._4_(Glass),link
1261557,Heroes,27,1260011,The_Idiot_(album),link
1261557,Heroes,21,4232134,The_Secret_Life_of_Arabia,link
1261557,Heroes,10,207103,Vince_Clarke,link
1261557,Heroes,11,1261535,The_Man_Who_Sold_the_World_(album),link
1261557,Heroes,31,35060284,Robert_Fripp_discography,link
1261557,Heroes,143,25893,Robert_Fripp,link
1261557,Heroes,12,4232070,Neuköln,link
1261557,Heroes,26,923669,Lust_for_Life_(album),link
1261557,Heroes,14,4232056,Moss_Garden,link
1261557,Heroes,51,1261565,Scary_Monsters_(And_Super_Creeps),link
3564374,"""I_AM""_Activity",65,30871303,I_Am_that_I_Am,link
3564374,"""I_AM""_Activity",27,704528,Elizabeth_Clare_Prophet,other
3564374,"""I_AM""_Activity",76,23085408,Legends_of_Mount_Shasta,link
3564374,"""I_AM""_Activity",47,1172131,List_of_founders_of_religious_traditions,link
3564374,"""I_AM""_Activity",37,13251936,Ascended_Master_Teachings,other
3564374,"""I_AM""_Activity",16,425823,Alice_Bailey,other
3564374,"""I_AM""_Activity",18,1130388,Robert_LeFevre,link
3564374,"""I_AM""_Activity",21,31597516,St._Germain_(Theosophy),link
3564374,"""I_AM""_Activity",17,21742,New_Age,link
3564374,"""I_AM""_Activity",369,null,other-empty,other
3564374,"""I_AM""_Activity",10,2399670,The_Aquarian_Gospel_of_Jesus_the_Christ,other
3564374,"""I_AM""_Activity",18,2880213,United_States_v._Ballard,link
3564374,"""I_AM""_Activity",85,200264,Theosophical_Society,link
3564374,"""I_AM""_Activity",11,5501897,Seven_rays,other
3564374,"""I_AM""_Activity",18,833097,William_Dudley_Pelley,link
3564374,"""I_AM""_Activity",41,31480,Theosophy,link
3564374,"""I_AM""_Activity",60,null,other-bing,other
3564374,"""I_AM""_Activity",118,null,other-other,other
3564374,"""I_AM""_Activity",33,null,other-facebook,other
3564374,"""I_AM""_Activity",43,null,other-yahoo,other
3564374,"""I_AM""_Activity",51,null,other-wikipedia,other
3564374,"""I_AM""_Activity",640,null,other-google,other
3564374,"""I_AM""_Activity",24,null,other-twitter,other
3564374,"""I_AM""_Activity",42,609606,Church_Universal_and_Triumphant,link
3564374,"""I_AM""_Activity",14,3207665,A_Dweller_on_Two_Planets,link
3564374,"""I_AM""_Activity",52,804126,Ascended_master,link
3564374,"""I_AM""_Activity",100,914523,Guy_Ballard,link
3564374,"""I_AM""_Activity",20,1426548,I_Am,link
3564374,"""I_AM""_Activity",38,14703837,Great_White_Brotherhood,link
3564374,"""I_AM""_Activity",42,2399768,List_of_new_religious_movements,other
3564374,"""I_AM""_Activity",40,24146787,List_of_UFO_religions,link
17495549,"""I_Want""_song",30,42247669,Just_Around_the_Riverbend,other
17495549,"""I_Want""_song",23,41895775,For_the_First_Time_in_Forever,link
17495549,"""I_Want""_song",38,6131602,Go_the_Distance,other
17495549,"""I_Want""_song",36,null,other-empty,other
17495549,"""I_Want""_song",38,42850941,When_Will_My_Life_Begin?,link
17495549,"""I_Want""_song",30,10090698,Part_of_Your_World,link
17495549,"""I_Want""_song",135,null,other-google,other
17495549,"""I_Want""_song",23,null,other-other,other
23158690,"""Ion_Mincu""_University_of_Architecture_and_Urbanism",11,22825519,Anca_Petrescu,other
23158690,"""Ion_Mincu""_University_of_Architecture_and_Urbanism",24,1249478,List_of_universities_in_Romania,other
23158690,"""Ion_Mincu""_University_of_Architecture_and_Urbanism",60,null,other-google,other
23158690,"""Ion_Mincu""_University_of_Architecture_and_Urbanism",22,null,other-empty,other
16252208,"""J""_Is_for_Judgment",11,null,other-empty,other
16252208,"""J""_Is_for_Judgment",17,470006,Sue_Grafton,link
16252208,"""J""_Is_for_Judgment",20,null,other-google,other
16252208,"""J""_Is_for_Judgment",25,16252078,"""I""_Is_for_Innocent",link
44810634,"""Just_Your_Average_Second_On_This_Planet""_1997-1998",12,1960430,Fear_of_Pop:_Volume_1,link
44810634,"""Just_Your_Average_Second_On_This_Planet""_1997-1998",10,null,other-empty,other
16252523,"""K""_Is_for_Killer",16,null,other-empty,other
16252523,"""K""_Is_for_Killer",24,16252208,"""J""_Is_for_Judgment",link
16252523,"""K""_Is_for_Killer",35,null,other-google,other
16252523,"""K""_Is_for_Killer",16,null,other-wikipedia,other
16252523,"""K""_Is_for_Killer",28,470006,Sue_Grafton,link
487976,"""King""_Bennie_Nawahi",12,null,other-empty,other
487976,"""King""_Bennie_Nawahi",10,null,other-other,other
487976,"""King""_Bennie_Nawahi",11,null,other-wikipedia,other
487976,"""King""_Bennie_Nawahi",36,null,other-google,other
null,"Knockin'_Boots	redlink
",10,2110406,Pretty_Ricky,null
38499517,"""Left-Wing""_Communism:_An_Infantile_Disorder",68,null,other-empty,other
38499517,"""Left-Wing""_Communism:_An_Infantile_Disorder",215,null,other-google,other
38499517,"""Left-Wing""_Communism:_An_Infantile_Disorder",70,null,other-wikipedia,other
38499517,"""Left-Wing""_Communism:_An_Infantile_Disorder",50,242476,Jack_Straw,link
38499517,"""Left-Wing""_Communism:_An_Infantile_Disorder",15,null,other-other,other
38499517,"""Left-Wing""_Communism:_An_Infantile_Disorder",11,11015252,Vladimir_Lenin,link
38499517,"""Left-Wing""_Communism:_An_Infantile_Disorder",12,420150,The_State_and_Revolution,link
38499517,"""Left-Wing""_Communism:_An_Infantile_Disorder",14,2075551,Ultra-leftism,other
38499517,"""Left-Wing""_Communism:_An_Infantile_Disorder",20,302252,Council_communism,link
38499517,"""Left-Wing""_Communism:_An_Infantile_Disorder",13,40362480,Communist_Party_of_Great_Britain,other
38499517,"""Left-Wing""_Communism:_An_Infantile_Disorder",19,39722572,Left_communism,link
28480474,"""M""_Circle",18,null,other-google,other
16252603,"""M""_Is_for_Malice",11,null,other-empty,other
16252603,"""M""_Is_for_Malice",53,null,other-google,other
16252603,"""M""_Is_for_Malice",11,2301720,Kinsey_Millhone,link
16252603,"""M""_Is_for_Malice",32,470006,Sue_Grafton,link
16252603,"""M""_Is_for_Malice",12,null,other-other,other
16252603,"""M""_Is_for_Malice",23,16252578,"""L""_Is_for_Lawless",link
36758937,"""Major""_John_Buchanan",15,null,other-empty,other
36758937,"""Major""_John_Buchanan",17,null,other-wikipedia,other
36758937,"""Major""_John_Buchanan",53,null,other-google,other
563697,"""Master_Harold""...and_the_Boys",10,21163352,Master_Harold...and_the_Boys_(2010_film),link
563697,"""Master_Harold""...and_the_Boys",101,7028414,Eddie_Redmayne,link
563697,"""Master_Harold""...and_the_Boys",36,null,other-wikipedia,other
563697,"""Master_Harold""...and_the_Boys",170,null,other-empty,other
563697,"""Master_Harold""...and_the_Boys",1967,null,other-google,other
563697,"""Master_Harold""...and_the_Boys",38,null,other-other,other
563697,"""Master_Harold""...and_the_Boys",32,3747865,Master_Harold_and_the_Boys,link
563697,"""Master_Harold""...and_the_Boys",92,null,other-bing,other
563697,"""Master_Harold""...and_the_Boys",165,692334,Athol_Fugard,link
563697,"""Master_Harold""...and_the_Boys",78,null,other-yahoo,other
null,"""Mothercare""_spider",20,3419979,Woodlouse_spider,redlink
16252712,"""N""_Is_for_Noose",14,null,other-empty,other
16252712,"""N""_Is_for_Noose",22,470006,Sue_Grafton,link
16252712,"""N""_Is_for_Noose",27,null,other-google,other
16252712,"""N""_Is_for_Noose",28,16252603,"""M""_Is_for_Malice",link
16252712,"""N""_Is_for_Noose",11,2301720,Kinsey_Millhone,link
5400322,"""No_Flashlight"":_Songs_of_the_Fulfilled_Night",31,null,other-empty,other
5400322,"""No_Flashlight"":_Songs_of_the_Fulfilled_Night",29,null,other-google,other
5400322,"""No_Flashlight"":_Songs_of_the_Fulfilled_Night",475,1367146,Mount_Eerie,link
5400322,"""No_Flashlight"":_Songs_of_the_Fulfilled_Night",64,13792594,Mount_Eerie_pts._6_&_7,link
5400322,"""No_Flashlight"":_Songs_of_the_Fulfilled_Night",12,5412817,Mount_Eerie_(album),link
5400322,"""No_Flashlight"":_Songs_of_the_Fulfilled_Night",14,1990114,Phil_Elvrum,link
11898394,"""No_Snow,_No_Show""_for_the_Eskimo",58,6626648,Masque_(The_Mission_album),link
11898394,"""No_Snow,_No_Show""_for_the_Eskimo",17,21221111,The_Mission_discography,other
11898394,"""No_Snow,_No_Show""_for_the_Eskimo",14,null,other-google,other
12565141,"""O""-Jung.Ban.Hap.",38,null,other-empty,other
12565141,"""O""-Jung.Ban.Hap.",79,7194112,TVXQ_albums_discography,link
12565141,"""O""-Jung.Ban.Hap.",25,36922845,TVXQ_filmography,link
12565141,"""O""-Jung.Ban.Hap.",333,2103628,TVXQ,link
12565141,"""O""-Jung.Ban.Hap.",10,44402525,TVXQ_singles_discography,link
12565141,"""O""-Jung.Ban.Hap.",26,10138105,Five_in_the_Black,link
12565141,"""O""-Jung.Ban.Hap.",38,44314654,Jung_Chanwoo,link
12565141,"""O""-Jung.Ban.Hap.",53,10138220,"Heart,_Mind_and_Soul_(TVXQ_album)",link
12565141,"""O""-Jung.Ban.Hap.",13,33482901,List_of_songs_recorded_by_TVXQ,link
12565141,"""O""-Jung.Ban.Hap.",168,null,other-google,other
12565141,"""O""-Jung.Ban.Hap.",11,null,other-wikipedia,other
28907601,"""Ode-to-Napoleon""_hexachord",12,null,other-other,other
28907601,"""Ode-to-Napoleon""_hexachord",11,378674,Luigi_Nono,link
28907601,"""Ode-to-Napoleon""_hexachord",82,null,other-google,other
null,"""One_Arm_Bill""_Wilson",13,25133882,Goodnight–Loving_Trail,redlink
16253383,"""P""_Is_for_Peril",39,null,other-google,other
16253383,"""P""_Is_for_Peril",30,16252757,"""O""_Is_for_Outlaw",link
16253383,"""P""_Is_for_Peril",11,16253409,"""Q""_Is_for_Quarry",link
16253383,"""P""_Is_for_Peril",27,470006,Sue_Grafton,link
16253383,"""P""_Is_for_Peril",72,null,other-empty,other
1362990,"""Pimpernel""_Smith",31,null,other-yahoo,other
1362990,"""Pimpernel""_Smith",44,83545,The_Scarlet_Pimpernel,link
1362990,"""Pimpernel""_Smith",48,null,other-bing,other
1362990,"""Pimpernel""_Smith",41,15580374,Main_Page,other
1362990,"""Pimpernel""_Smith",48,null,other-other,other
1362990,"""Pimpernel""_Smith",205,83538,Leslie_Howard_(actor),link
1362990,"""Pimpernel""_Smith",13,4331044,List_of_World_War_II_films,other
1362990,"""Pimpernel""_Smith",73,null,other-wikipedia,other
1362990,"""Pimpernel""_Smith",625,null,other-google,other
1362990,"""Pimpernel""_Smith",101,null,other-empty,other
1362990,"""Pimpernel""_Smith",26,2295388,Mary_Morris,link
1362990,"""Pimpernel""_Smith",17,2722166,Francis_L._Sullivan,link
1362990,"""Pimpernel""_Smith",18,609020,David_Tomlinson,link
1362990,"""Pimpernel""_Smith",11,8245402,BOAC_Flight_777,other
43720216,"""Pro_knigi""_(""About_books"")",32,null,other-wikipedia,other
45258416,"""Red_Terror""_Martyrs'_Memorial_Museum",59,8401830,Red_Terror_(Ethiopia),link
1478845,"""Repent,_Harlequin!""_Said_the_Ticktockman",11,15580374,Main_Page,other
1478845,"""Repent,_Harlequin!""_Said_the_Ticktockman",10,419269,Nebula_Award_for_Best_Short_Story,other
1478845,"""Repent,_Harlequin!""_Said_the_Ticktockman",86,2838416,Run-on_sentence,link
1478845,"""Repent,_Harlequin!""_Said_the_Ticktockman",27,null,other-bing,other
1478845,"""Repent,_Harlequin!""_Said_the_Ticktockman",40,null,other-other,other
1478845,"""Repent,_Harlequin!""_Said_the_Ticktockman",73,null,other-wikipedia,other
1478845,"""Repent,_Harlequin!""_Said_the_Ticktockman",974,null,other-google,other
1478845,"""Repent,_Harlequin!""_Said_the_Ticktockman",10,593138,"I_Have_No_Mouth,_and_I_Must_Scream",link
1478845,"""Repent,_Harlequin!""_Said_the_Ticktockman",24,2000840,List_of_joint_winners_of_the_Hugo_and_Nebula_awards,link
1478845,"""Repent,_Harlequin!""_Said_the_Ticktockman",320,13462,Harlan_Ellison,link
1478845,"""Repent,_Harlequin!""_Said_the_Ticktockman",228,38341,Harlequin,link
1478845,"""Repent,_Harlequin!""_Said_the_Ticktockman",271,29446866,In_Time,link
1478845,"""Repent,_Harlequin!""_Said_the_Ticktockman",21,151501,Jelly_bean,link
1478845,"""Repent,_Harlequin!""_Said_the_Ticktockman",21,418599,Hugo_Award_for_Best_Short_Story,link
1478845,"""Repent,_Harlequin!""_Said_the_Ticktockman",28,null,other-yahoo,other
1478845,"""Repent,_Harlequin!""_Said_the_Ticktockman",14,10472351,Paingod_and_Other_Delusions,link
1478845,"""Repent,_Harlequin!""_Said_the_Ticktockman",51,73257,V_for_Vendetta,link
1478845,"""Repent,_Harlequin!""_Said_the_Ticktockman",136,null,other-empty,other
16253763,"""S""_Is_for_Silence",33,16253457,"""R""_Is_for_Ricochet",link
16253763,"""S""_Is_for_Silence",27,null,other-google,other
16253763,"""S""_Is_for_Silence",21,470006,Sue_Grafton,link
2398711,"""Solidarity""_Szczecin–Goleniów_Airport",30,1187218,"Bergen_Airport,_Flesland",other
2398711,"""Solidarity""_Szczecin–Goleniów_Airport",39,636093,Warsaw_Chopin_Airport,link
2398711,"""Solidarity""_Szczecin–Goleniów_Airport",51,28456,Szczecin,link
2398711,"""Solidarity""_Szczecin–Goleniów_Airport",66,6135578,Szczecin_Airport,other
2398711,"""Solidarity""_Szczecin–Goleniów_Airport",21,164508,Liverpool_John_Lennon_Airport,other
2398711,"""Solidarity""_Szczecin–Goleniów_Airport",27,9688173,"Moss_Airport,_Rygge",other
2398711,"""Solidarity""_Szczecin–Goleniów_Airport",16,null,other-other,other
2398711,"""Solidarity""_Szczecin–Goleniów_Airport",59,null,other-wikipedia,other
2398711,"""Solidarity""_Szczecin–Goleniów_Airport",11,193169,Świnoujście,other
2398711,"""Solidarity""_Szczecin–Goleniów_Airport",174,null,other-google,other
2398711,"""Solidarity""_Szczecin–Goleniów_Airport",14,10999530,Eurolot,other
2398711,"""Solidarity""_Szczecin–Goleniów_Airport",12,293794,Dublin_Airport,other
2398711,"""Solidarity""_Szczecin–Goleniów_Airport",74,400401,List_of_airports_in_Poland,link
2398711,"""Solidarity""_Szczecin–Goleniów_Airport",55,null,other-empty,other
2398711,"""Solidarity""_Szczecin–Goleniów_Airport",10,2161284,Wrocław–Copernicus_Airport,link
2398711,"""Solidarity""_Szczecin–Goleniów_Airport",24,2716198,Rzeszów–Jasionka_Airport,link
2398711,"""Solidarity""_Szczecin–Goleniów_Airport",10,1272752,Ryanair_destinations,link
2398711,"""Solidarity""_Szczecin–Goleniów_Airport",16,206934,Luton_Airport,link
2641242,"""Still_Life""_(American_Concert_1981)",237,null,other-google,other
2641242,"""Still_Life""_(American_Concert_1981)",60,null,other-wikipedia,other
2641242,"""Still_Life""_(American_Concert_1981)",53,null,other-empty,other
2641242,"""Still_Life""_(American_Concert_1981)",19,31056,The_Rolling_Stones,link
2641242,"""Still_Life""_(American_Concert_1981)",13,8545280,The_Rolling_Stones_American_Tour_1981,other
2641242,"""Still_Life""_(American_Concert_1981)",402,1348046,The_Rolling_Stones_discography,link
2641242,"""Still_Life""_(American_Concert_1981)",11,1458754,"Take_the_""A""_Train",link
2641242,"""Still_Life""_(American_Concert_1981)",10,null,other-other,other
2641242,"""Still_Life""_(American_Concert_1981)",16,null,other-bing,other
2641242,"""Still_Life""_(American_Concert_1981)",18,2290650,Still_Life_(disambiguation),link
2641242,"""Still_Life""_(American_Concert_1981)",11,5254045,Time_Is_on_My_Side,link
2641242,"""Still_Life""_(American_Concert_1981)",152,2630454,Love_You_Live,link
2641242,"""Still_Life""_(American_Concert_1981)",26,8799796,Going_to_a_Go-Go_(song),link
2641242,"""Still_Life""_(American_Concert_1981)",54,2644231,Flashpoint_(album),link
2641242,"""Still_Life""_(American_Concert_1981)",22,14416996,Let's_Spend_the_Night_Together_(film),link
null,That_Man,14,24961418,Caro_Emerald,redlink
22499310,"""The_Above_Ground_Sound""_of_Jake_Holmes",112,4677458,Jake_Holmes,link
22499310,"""The_Above_Ground_Sound""_of_Jake_Holmes",11,null,other-empty,other
22499310,"""The_Above_Ground_Sound""_of_Jake_Holmes",32,null,other-google,other
22499310,"""The_Above_Ground_Sound""_of_Jake_Holmes",58,286821,Dazed_and_Confused_(song),link
null,"""The_Mills"",_Andrew_Wyeth_home_and_studio",12,1442421,"Chadds_Ford_Township,_Delaware_County,_Pennsylvania",redlink
null,"""Tinker_Dave""_Beaty",24,2804228,Champ_Ferguson,redlink
31466526,"""Unplugged""_Live",73,31466206,Nightmare:_The_Acoustic_M.S.G.,link
31466526,"""Unplugged""_Live",41,207953,Michael_Schenker,link
31466526,"""Unplugged""_Live",15,null,other-empty,other
31466526,"""Unplugged""_Live",69,5399286,McAuley_Schenker_Group,link
31466526,"""Unplugged""_Live",39,null,other-google,other
12571133,"""V""_Is_for_Vagina",223,null,other-google,other
12571133,"""V""_Is_for_Vagina",51,null,other-wikipedia,other
12571133,"""V""_Is_for_Vagina",14,9469360,Queen_B.,link
12571133,"""V""_Is_for_Vagina",1031,4619790,Puscifer,link
12571133,"""V""_Is_for_Vagina",22,null,other-other,other
12571133,"""V""_Is_for_Vagina",48,222217,Tim_Commerford,link
12571133,"""V""_Is_for_Vagina",32,147692,Tim_Alexander,link
12571133,"""V""_Is_for_Vagina",12,3145813,Alessandro_Cortini,other
12571133,"""V""_Is_for_Vagina",19,33622887,Conditions_of_My_Parole,link
12571133,"""V""_Is_for_Vagina",15,11861530,Jarboe,link
12571133,"""V""_Is_for_Vagina",103,13087996,Eddie_McClintock,other
12571133,"""V""_Is_for_Vagina",12,11981948,Gil_Sharone,other
12571133,"""V""_Is_for_Vagina",19,16079543,"""V""_Is_for_Viagra._The_Remixes",link
12571133,"""V""_Is_for_Vagina",26,25033979,"""C""_is_for_(Please_Insert_Sophomoric_Genitalia_Reference_HERE)",link
12571133,"""V""_Is_for_Vagina",11,269859,A_Perfect_Circle,other
12571133,"""V""_Is_for_Vagina",76,14098392,Don't_Shoot_the_Messenger,link
12571133,"""V""_Is_for_Vagina",11,782360,Lustmord,other
12571133,"""V""_Is_for_Vagina",23,15331615,Maynard_James_Keenan_discography,link
12571133,"""V""_Is_for_Vagina",320,920501,Maynard_James_Keenan,link
12571133,"""V""_Is_for_Vagina",94,null,other-empty,other
31438273,"""V""_Is_for_Vengeance",16,null,other-empty,other
31438273,"""V""_Is_for_Vengeance",12,39606873,"""W""_Is_for_Wasted",link
31438273,"""V""_Is_for_Vengeance",30,25577776,"""U""_Is_for_Undertow",link
31438273,"""V""_Is_for_Vengeance",59,470006,Sue_Grafton,link
31438273,"""V""_Is_for_Vengeance",76,null,other-google,other
31438273,"""V""_Is_for_Vengeance",20,2301720,Kinsey_Millhone,link
16079543,"""V""_Is_for_Viagra._The_Remixes",234,4619790,Puscifer,link
16079543,"""V""_Is_for_Viagra._The_Remixes",23,null,other-empty,other
16079543,"""V""_Is_for_Viagra._The_Remixes",175,12571133,"""V""_Is_for_Vagina",link
16079543,"""V""_Is_for_Viagra._The_Remixes",49,null,other-google,other
16079543,"""V""_Is_for_Viagra._The_Remixes",12,null,other-wikipedia,other
18938265,"""Weird_Al""_Yankovic",3683,null,other-wikipedia,other
18938265,"""Weird_Al""_Yankovic",38430,null,other-google,other
18938265,"""Weird_Al""_Yankovic",406,null,other-twitter,other
18938265,"""Weird_Al""_Yankovic",22,33525518,Noretta,link
18938265,"""Weird_Al""_Yankovic",10,26179,Ron_Popeil,link
18938265,"""Weird_Al""_Yankovic",16,2560896,Lump_(song),link
18938265,"""Weird_Al""_Yankovic",26,41681071,My_Little_Pony:_Friendship_Is_Magic_(season_5),link
18938265,"""Weird_Al""_Yankovic",28,1093963,Polka_Party!,link
18938265,"""Weird_Al""_Yankovic",52,1743090,Parody_music,link
18938265,"""Weird_Al""_Yankovic",12,897080,Nash_Metropolitan,link
18938265,"""Weird_Al""_Yankovic",16,21494,Nerd,link
18938265,"""Weird_Al""_Yankovic",16,1124279,Mmm_Mmm_Mmm_Mmm,link
18938265,"""Weird_Al""_Yankovic",16,26095723,Nothin'_on_You,link
18938265,"""Weird_Al""_Yankovic",17,34826435,Parody_in_popular_music,link
18938265,"""Weird_Al""_Yankovic",52,43397,Polka,link
18938265,"""Weird_Al""_Yankovic",18,39863336,Royals_(song),link
18938265,"""Weird_Al""_Yankovic",15,1706988,Mickey_(song),link
18938265,"""Weird_Al""_Yankovic",25,1237220,Patton_Oswalt,link
18938265,"""Weird_Al""_Yankovic",76,21985451,"Lynwood,_California",link
18938265,"""Weird_Al""_Yankovic",35,4711303,Ridin',link
18938265,"""Weird_Al""_Yankovic",59,41806370,Pinkie_Pride,link
18938265,"""Weird_Al""_Yankovic",1791,15580374,Main_Page,other
18938265,"""Weird_Al""_Yankovic",66,18960192,Parody,link
18938265,"""Weird_Al""_Yankovic",14,3070450,My_Sharona,link
18938265,"""Weird_Al""_Yankovic",13,26330755,Matt_L._Jones,other
18938265,"""Weird_Al""_Yankovic",37,1680148,Piano_Man_(song),link
18938265,"""Weird_Al""_Yankovic",140,667089,Poodle_Hat,link
18938265,"""Weird_Al""_Yankovic",16,1346791,Richard_Cheese,link
18938265,"""Weird_Al""_Yankovic",44,2366938,Oy_vey,link
18938265,"""Weird_Al""_Yankovic",38,1614455,Money_for_Nothing_(song),link
18938265,"""Weird_Al""_Yankovic",13,33054146,Sexy_and_I_Know_It,link
18938265,"""Weird_Al""_Yankovic",10,4072442,One_More_Minute,link
18938265,"""Weird_Al""_Yankovic",17,3307306,More_Than_Words,link
18938265,"""Weird_Al""_Yankovic",21,2271575,Lose_Yourself,link
18938265,"""Weird_Al""_Yankovic",28,569820,Losing_My_Religion,link
18938265,"""Weird_Al""_Yankovic",11,183389,Scott_Raynor,link
18938265,"""Weird_Al""_Yankovic",13,183860,National_Speech_and_Debate_Association,link
18938265,"""Weird_Al""_Yankovic",1180,43070100,Mandatory_Fun,link
18938265,"""Weird_Al""_Yankovic",56,11423454,Pretty_Fly_for_a_Rabbi,link
18938265,"""Weird_Al""_Yankovic",17,4070747,Ricky_(song),link
18938265,"""Weird_Al""_Yankovic",25,2102697,My_Bologna,link
18938265,"""Weird_Al""_Yankovic",11,33145323,Peter_Shukoff,other
18938265,"""Weird_Al""_Yankovic",23,288469,Novelty_song,link
18938265,"""Weird_Al""_Yankovic",21,10090978,"Peter_and_the_Wolf_(""Weird_Al""_Yankovic_&_Wendy_Carlos_album)",link
18938265,"""Weird_Al""_Yankovic",16,2051328,Pretty_Fly_(for_a_White_Guy),link
18938265,"""Weird_Al""_Yankovic",54,1982071,Lola_(song),link
18938265,"""Weird_Al""_Yankovic",112,177256,RCA_Records,link
18938265,"""Weird_Al""_Yankovic",15,30951,Tom_Lehrer,link
18938265,"""Weird_Al""_Yankovic",10,48110,Tonya_Harding,link
18938265,"""Weird_Al""_Yankovic",10,41599803,The_Hotwives_of_Orlando,link
18938265,"""Weird_Al""_Yankovic",91,43303551,Tacky_(song),link
18938265,"""Weird_Al""_Yankovic",10,3588232,We're_Not_Gonna_Take_It_(Twisted_Sister_song),link
18938265,"""Weird_Al""_Yankovic",36,24204138,"The_Essential_""Weird_Al""_Yankovic",link
18938265,"""Weird_Al""_Yankovic",38,26423707,Yugoslav_American,link
18938265,"""Weird_Al""_Yankovic",13,847078,Taxman,link
18938265,"""Weird_Al""_Yankovic",18,8567624,"Tim_and_Eric_Awesome_Show,_Great_Job!",link
18938265,"""Weird_Al""_Yankovic",11,14295471,Sussudio,other
18938265,"""Weird_Al""_Yankovic",10,37064351,The_Wrong_Ferarri,link
18938265,"""Weird_Al""_Yankovic",40,924771,The_Naked_Gun_2½:_The_Smell_of_Fear,link
18938265,"""Weird_Al""_Yankovic",34,10091063,Trapped_in_the_Drive-Thru,link
18938265,"""Weird_Al""_Yankovic",10,1412241,The_Late_Late_Show_with_Craig_Ferguson,other
18938265,"""Weird_Al""_Yankovic",18,6088238,The_Grim_Adventures_of_Billy_&_Mandy_(video_game),link
18938265,"""Weird_Al""_Yankovic",10,4110029,The_Night_Santa_Went_Crazy,link
18938265,"""Weird_Al""_Yankovic",57,113092,Twinkie,link
18938265,"""Weird_Al""_Yankovic",10,7051503,The_Drew_Carey_Show,link
18938265,"""Weird_Al""_Yankovic",11,19156218,Star_Wars_Kid,link
18938265,"""Weird_Al""_Yankovic",1580,null,other-bing,other
18938265,"""Weird_Al""_Yankovic",33,28367,Spam_(food),other
18938265,"""Weird_Al""_Yankovic",34,5578884,You're_Pitiful,link
18938265,"""Weird_Al""_Yankovic",20,1996695,You're_Beautiful,link
18938265,"""Weird_Al""_Yankovic",438,390867,UHF_(film),link
18938265,"""Weird_Al""_Yankovic",10,7894054,Wayne_Bergeron,link
18938265,"""Weird_Al""_Yankovic",21,59993,Smells_Like_Teen_Spirit,link
18938265,"""Weird_Al""_Yankovic",25,1708927,Weird,link
18938265,"""Weird_Al""_Yankovic",12,627511,Victoria_Jackson,link
18938265,"""Weird_Al""_Yankovic",12,2446828,Trinidad_Silva,link
18938265,"""Weird_Al""_Yankovic",15,38575277,Toby_Turner,other
18938265,"""Weird_Al""_Yankovic",19,194627,Straight_Outta_Compton,link
18938265,"""Weird_Al""_Yankovic",32,1331938,Three_Gays_of_the_Condo,link
18938265,"""Weird_Al""_Yankovic",11,189288,The_Adventures_of_Captain_Underpants,other
18938265,"""Weird_Al""_Yankovic",85,2315700,The_Saga_Begins,link
18938265,"""Weird_Al""_Yankovic",67,5043734,Wikipedia,link
18938265,"""Weird_Al""_Yankovic",46,13932969,That_'90s_Show,link
18938265,"""Weird_Al""_Yankovic",16,8109388,Tomorrow_(TV_series),link
18938265,"""Weird_Al""_Yankovic",11,5254612,Yo_Gabba_Gabba!,link
18938265,"""Weird_Al""_Yankovic",51,983849,Top_Secret!,link
18938265,"""Weird_Al""_Yankovic",257,6075882,White_&_Nerdy,link
18938265,"""Weird_Al""_Yankovic",232,6064795,Straight_Outta_Lynwood,link
18938265,"""Weird_Al""_Yankovic",17,1050549,Volcano_Entertainment,link
18938265,"""Weird_Al""_Yankovic",142,1314319,The_Weird_Al_Show,link
18938265,"""Weird_Al""_Yankovic",11,4109934,Spy_Hard_(song),link
18938265,"""Weird_Al""_Yankovic",241,44076048,Super_Bowl_XLIX_halftime_show,link
18938265,"""Weird_Al""_Yankovic",1369,null,other-other,other
18938265,"""Weird_Al""_Yankovic",33,null,other-facebook,other
18938265,"""Weird_Al""_Yankovic",94,681786,Bad_Hair_Day,link
18938265,"""Weird_Al""_Yankovic",15,693809,Chop_Suey!_(song),link
18938265,"""Weird_Al""_Yankovic",16,1779981,Chamillionaire,link
18938265,"""Weird_Al""_Yankovic",11,26534206,Comedy_Bang!_Bang!,link
18938265,"""Weird_Al""_Yankovic",11,3380816,Down_with_the_Sickness,link
18938265,"""Weird_Al""_Yankovic",213,36682042,Dollmaker_(comics),link
18938265,"""Weird_Al""_Yankovic",20,143435,Band_Aid_(band),other
18938265,"""Weird_Al""_Yankovic",31,157548,Allan_Sherman,link
18938265,"""Weird_Al""_Yankovic",27,107622,"Downey,_California",link
18938265,"""Weird_Al""_Yankovic",37,2320524,Black_or_White,link
18938265,"""Weird_Al""_Yankovic",10,19375754,Craigslist,link
18938265,"""Weird_Al""_Yankovic",242,16046327,DC_Universe_Animated_Original_Movies,link
18938265,"""Weird_Al""_Yankovic",37,11560543,Comedy_music,link
18938265,"""Weird_Al""_Yankovic",25,495591,Cola_Wars,other
18938265,"""Weird_Al""_Yankovic",13,149681,Beck,other
18938265,"""Weird_Al""_Yankovic",29,2102759,Another_One_Rides_the_Bus,link
18938265,"""Weird_Al""_Yankovic",40,1856564,Comedy_rock,link
18938265,"""Weird_Al""_Yankovic",39,2258507,Albuquerque_(song),link
18938265,"""Weird_Al""_Yankovic",10,539377,Animal_Man,link
18938265,"""Weird_Al""_Yankovic",10,8133962,Back_at_the_Barnyard,link
18938265,"""Weird_Al""_Yankovic",130,31561319,Alpocalypse,link
18938265,"""Weird_Al""_Yankovic",105,59610,Atlantic_Records,link
18938265,"""Weird_Al""_Yankovic",965,39384064,57th_Annual_Grammy_Awards,link
18938265,"""Weird_Al""_Yankovic",13,11700181,Close_but_No_Cigar,link
18938265,"""Weird_Al""_Yankovic",12,3456183,Christmas_at_Ground_Zero,link
18938265,"""Weird_Al""_Yankovic",24,39949337,Drunk_History,link
18938265,"""Weird_Al""_Yankovic",17,10294516,"""Weird_Al""_Yankovic_videography",link
18938265,"""Weird_Al""_Yankovic",21,5828575,Couch_Potato_(song),link
18938265,"""Weird_Al""_Yankovic",10,680375,Bill_Plympton,link
18938265,"""Weird_Al""_Yankovic",160,681837,"""Weird_Al""_Yankovic_in_3-D",link
18938265,"""Weird_Al""_Yankovic",13,33246249,"""Weird_Al""_Yankovic_Live!:_The_Alpocalypse_Tour",link
18938265,"""Weird_Al""_Yankovic",284,681846,"""Weird_Al""_Yankovic_(album)",link
18938265,"""Weird_Al""_Yankovic",25,31218217,Comedy_hip_hop,link
18938265,"""Weird_Al""_Yankovic",26,3913016,"""Weird_Al""_Yankovic's_Greatest_Hits",link
18938265,"""Weird_Al""_Yankovic",242,231982,Dr._Demento,link
18938265,"""Weird_Al""_Yankovic",21,51278,"Albuquerque,_New_Mexico",other
18938265,"""Weird_Al""_Yankovic",48,440017,Aisha_Tyler,link
18938265,"""Weird_Al""_Yankovic",26,168263,Coolio,link
18938265,"""Weird_Al""_Yankovic",26,1745307,Cledus_T._Judd,link
18938265,"""Weird_Al""_Yankovic",52,41156988,Doge_(meme),link
18938265,"""Weird_Al""_Yankovic",26,7260565,Canadian_Idiot,link
18938265,"""Weird_Al""_Yankovic",33,4082868,Dare_to_Be_Stupid_(song),link
18938265,"""Weird_Al""_Yankovic",11,286323,Crash_Test_Dummies,link
18938265,"""Weird_Al""_Yankovic",10,11871605,Cherry_Pie_(Warrant_song),other
18938265,"""Weird_Al""_Yankovic",20,239034,Dweezil_Zappa,link
18938265,"""Weird_Al""_Yankovic",18,726651,Donny_Osmond,link
18938265,"""Weird_Al""_Yankovic",13,33629854,DC_Nation_Shorts,link
18938265,"""Weird_Al""_Yankovic",13,5779338,Closing_Time_(Semisonic_song),link
18938265,"""Weird_Al""_Yankovic",11,43318058,Claudia_O'Doherty,link
18938265,"""Weird_Al""_Yankovic",56,10672,Frank_Zappa,link
18938265,"""Weird_Al""_Yankovic",82,1439800,Eye_of_the_Tiger,link
18938265,"""Weird_Al""_Yankovic",10,428865,Ironic_(song),link
18938265,"""Weird_Al""_Yankovic",11,23919750,Fireflies_(Owl_City_song),link
18938265,"""Weird_Al""_Yankovic",11,2125672,Ghetto_Supastar_(That_Is_What_You_Are),link
18938265,"""Weird_Al""_Yankovic",13,9181653,List_of_How_I_Met_Your_Mother_characters,link
18938265,"""Weird_Al""_Yankovic",17,197889,Felix_the_Cat,link
18938265,"""Weird_Al""_Yankovic",12,11901898,Here's_Johnny,link
18938265,"""Weird_Al""_Yankovic",12,10151970,Hip_to_Be_Square,other
18938265,"""Weird_Al""_Yankovic",19,343560,Jack_Black,link
18938265,"""Weird_Al""_Yankovic",15,2683218,List_of_Lilo_&_Stitch:_The_Series_episodes,link
18938265,"""Weird_Al""_Yankovic",35,11311126,It's_All_About_the_Pentiums,link
18938265,"""Weird_Al""_Yankovic",25,7297505,Kristen_Schaal,other
18938265,"""Weird_Al""_Yankovic",52,4072138,"Like_a_Surgeon_(""Weird_Al""_Yankovic_song)",link
18938265,"""Weird_Al""_Yankovic",24,7419707,John_Morrison_(wrestler),link
18938265,"""Weird_Al""_Yankovic",24,1178120,Headline_News_(song),link
18938265,"""Weird_Al""_Yankovic",37,41170737,Happy_(Pharrell_Williams_song),link
18938265,"""Weird_Al""_Yankovic",13,639642,I'll_Be_There_for_You_(The_Rembrandts_song),link
18938265,"""Weird_Al""_Yankovic",15,20593859,Jizz_in_My_Pants,link
18938265,"""Weird_Al""_Yankovic",94,1053554,Gangsta's_Paradise,link
18938265,"""Weird_Al""_Yankovic",182,12798266,"List_of_""Weird_Al""_Yankovic_polka_medleys",link
18938265,"""Weird_Al""_Yankovic",12,4012959,I_Can't_Dance,link
18938265,"""Weird_Al""_Yankovic",12,9903893,List_of_Italian-American_entertainers,link
18938265,"""Weird_Al""_Yankovic",33,43368354,Handy_(song),link
18938265,"""Weird_Al""_Yankovic",10,5888557,Footloose_(song),link
18938265,"""Weird_Al""_Yankovic",57,4429395,Eminem,link
18938265,"""Weird_Al""_Yankovic",144,43727,Frankie_Yankovic,link
18938265,"""Weird_Al""_Yankovic",101,681823,Even_Worse,link
18938265,"""Weird_Al""_Yankovic",11,2706860,Got_My_Mind_Set_on_You,link
18938265,"""Weird_Al""_Yankovic",12,3955585,Janie's_Got_a_Gun,link
18938265,"""Weird_Al""_Yankovic",11,27748226,Jeopardy!,link
18938265,"""Weird_Al""_Yankovic",11,238443,Liam_Lynch_(musician),link
18938265,"""Weird_Al""_Yankovic",16,40095940,List_of_2014_albums,link
18938265,"""Weird_Al""_Yankovic",10,8473867,List_of_30_Rock_characters,other
18938265,"""Weird_Al""_Yankovic",42,3815781,Keegan-Michael_Key,link
18938265,"""Weird_Al""_Yankovic",60,158879,George_Carlin,other
18938265,"""Weird_Al""_Yankovic",10,912417,Grammy_Award_for_Best_Concept_Music_Video,link
18938265,"""Weird_Al""_Yankovic",14,487070,Emo_Philips,other
18938265,"""Weird_Al""_Yankovic",27,738015,Johnny_Bravo,link
18938265,"""Weird_Al""_Yankovic",31,11224587,I_Lost_on_Jeopardy,link
18938265,"""Weird_Al""_Yankovic",10,3671687,Leibniz–Newton_calculus_controversy,link
18938265,"""Weird_Al""_Yankovic",13,10340709,List_of_RCA_Records_artists,link
18938265,"""Weird_Al""_Yankovic",17,21207345,Jerry_Springer,link
18938265,"""Weird_Al""_Yankovic",87,41629180,Game_Grumps,link
18938265,"""Weird_Al""_Yankovic",12,8376816,Electric_Avenue_(song),link
18938265,"""Weird_Al""_Yankovic",16,155452,Hey_Jude,link
18938265,"""Weird_Al""_Yankovic",31,43377300,Foil_(song),link
18938265,"""Weird_Al""_Yankovic",38,9030340,List_of_Cal_Poly_at_San_Luis_Obispo_alumni,link
18938265,"""Weird_Al""_Yankovic",84,3795017,Liberian_Girl,link
18938265,"""Weird_Al""_Yankovic",17,9410052,List_of_polka_artists,link
18938265,"""Weird_Al""_Yankovic",10,20706022,List_of_Volcano_Entertainment_artists,link
18938265,"""Weird_Al""_Yankovic",140,2018105,"List_of_songs_recorded_by_""Weird_Al""_Yankovic",link
18938265,"""Weird_Al""_Yankovic",70,703188,List_of_vegans,link
18938265,"""Weird_Al""_Yankovic",29,640911,List_of_satirists_and_satires,link
18938265,"""Weird_Al""_Yankovic",19,873835,Al_TV,link
18938265,"""Weird_Al""_Yankovic",53,681811,Alapalooza,link
18938265,"""Weird_Al""_Yankovic",23,156683,Don_Pardo,link
18938265,"""Weird_Al""_Yankovic",31,34290593,Call_Me_Maybe,link
18938265,"""Weird_Al""_Yankovic",11,4161738,"""Weird_Al""_Yankovic_Live!",link
18938265,"""Weird_Al""_Yankovic",38,18938265,"""Weird_Al""_Yankovic",other
18938265,"""Weird_Al""_Yankovic",54,2661948,Auto-Tune,other
18938265,"""Weird_Al""_Yankovic",180,998258,Amish_Paradise,link
18938265,"""Weird_Al""_Yankovic",140,7630017,"""Weird_Al""_Yankovic_discography",link
18938265,"""Weird_Al""_Yankovic",469,45137822,Batman_vs._Robin,link
18938265,"""Weird_Al""_Yankovic",43,11424214,EBay_(song),link
18938265,"""Weird_Al""_Yankovic",844,15957378,Aaron_Paul,link
18938265,"""Weird_Al""_Yankovic",102,739408,Eat_It,link
18938265,"""Weird_Al""_Yankovic",75,41953,Bohemian_Rhapsody,link
18938265,"""Weird_Al""_Yankovic",10,432147,Charles_Nelson_Reilly,link
18938265,"""Weird_Al""_Yankovic",16,18527630,"Eat_It_(""Weird_Al""_Yankovic_album)",link
18938265,"""Weird_Al""_Yankovic",29,3716049,Addicted_to_Love_(song),link
18938265,"""Weird_Al""_Yankovic",11,154247,Eddie_Vedder,other
18938265,"""Weird_Al""_Yankovic",22,16757649,Batman:_The_Brave_and_the_Bold,link
18938265,"""Weird_Al""_Yankovic",87,681830,Dare_to_Be_Stupid,link
18938265,"""Weird_Al""_Yankovic",29,6600777,Don't_Download_This_Song,link
18938265,"""Weird_Al""_Yankovic",86,51744,American_Pie_(song),link
18938265,"""Weird_Al""_Yankovic",16,663903,Behind_the_Music,link
18938265,"""Weird_Al""_Yankovic",44,209416,Ben_Folds,link
18938265,"""Weird_Al""_Yankovic",17,11748645,Another_One_Rides_the_Bus_(EP),link
18938265,"""Weird_Al""_Yankovic",11,3281387,Bedrock_Anthem,link
18938265,"""Weird_Al""_Yankovic",51,17080248,Beat_It,link
18938265,"""Weird_Al""_Yankovic",11,39026706,Blurred_Lines,link
18938265,"""Weird_Al""_Yankovic",23,23138118,Craigslist_(song),link
18938265,"""Weird_Al""_Yankovic",14,1782176,Bad_(Michael_Jackson_song),link
18938265,"""Weird_Al""_Yankovic",29,433230,California_Polytechnic_State_University,other
18938265,"""Weird_Al""_Yankovic",40,1263456,ApologetiX,link
18938265,"""Weird_Al""_Yankovic",33,1162,Accordion,link
18938265,"""Weird_Al""_Yankovic",14,16173682,List_of_keytarists,link
18938265,"""Weird_Al""_Yankovic",16,4807288,List_of_backmasked_messages,link
18938265,"""Weird_Al""_Yankovic",58,5747670,Live_and_Let_Die_(song),link
18938265,"""Weird_Al""_Yankovic",10,6041,List_of_comedians,link
18938265,"""Weird_Al""_Yankovic",10,25011929,John_and_Lorena_Bobbitt,link
18938265,"""Weird_Al""_Yankovic",31,31526507,How_I_Met_Your_Mother_(season_7),link
18938265,"""Weird_Al""_Yankovic",431,42746880,Galavant,link
18938265,"""Weird_Al""_Yankovic",19,1503921,Hidden_track,link
18938265,"""Weird_Al""_Yankovic",31,12089889,Eric_Stonestreet,link
18938265,"""Weird_Al""_Yankovic",11,4094664,Lasagna_(song),link
18938265,"""Weird_Al""_Yankovic",11,4169218,Haunted_Lighthouse,link
18938265,"""Weird_Al""_Yankovic",13,4109863,Gump_(song),link
18938265,"""Weird_Al""_Yankovic",17,4070828,I_Love_Rocky_Road,link
18938265,"""Weird_Al""_Yankovic",10,2739735,I_Touch_Myself,link
18938265,"""Weird_Al""_Yankovic",18,1847150,Ice_Ice_Baby,link
18938265,"""Weird_Al""_Yankovic",31,44786839,List_of_The_Late_Late_Show_episodes_(2015_guest_hosts),other
18938265,"""Weird_Al""_Yankovic",18,3615165,I_Want_It_That_Way,link
18938265,"""Weird_Al""_Yankovic",26,3785221,Jim_West_(guitarist),link
18938265,"""Weird_Al""_Yankovic",12,1928807,Fanny_pack,link
18938265,"""Weird_Al""_Yankovic",213,33592458,Epic_Rap_Battles_of_History,link
18938265,"""Weird_Al""_Yankovic",220,185416,Grammy_Award_for_Best_Comedy_Album,link
18938265,"""Weird_Al""_Yankovic",12,15022585,James_Blunt,other
18938265,"""Weird_Al""_Yankovic",26,43552374,Ice_Bucket_Challenge,link
18938265,"""Weird_Al""_Yankovic",13,10417152,I_Want_a_New_Drug,link
18938265,"""Weird_Al""_Yankovic",16,30821628,List_of_My_Little_Pony:_Friendship_Is_Magic_episodes,link
18938265,"""Weird_Al""_Yankovic",25,43350433,Lame_Claim_to_Fame,link
18938265,"""Weird_Al""_Yankovic",27,35191643,Kidnapped_by_Danger,other
18938265,"""Weird_Al""_Yankovic",45,32291112,List_of_My_Little_Pony:_Friendship_Is_Magic_characters,link
18938265,"""Weird_Al""_Yankovic",14,5458198,Judy_Tenuta,link
18938265,"""Weird_Al""_Yankovic",25,85307,Huey_Lewis_and_the_News,link
18938265,"""Weird_Al""_Yankovic",35,2157741,Jon_Schwartz_(drummer),link
18938265,"""Weird_Al""_Yankovic",13,210836,Falco_(musician),link
18938265,"""Weird_Al""_Yankovic",11,13101139,Here's_Johnny_(song),link
18938265,"""Weird_Al""_Yankovic",27,4196662,Jordan_Peele,link
18938265,"""Weird_Al""_Yankovic",22,625478,Gilbert_Gottfried,other
18938265,"""Weird_Al""_Yankovic",15,21604923,Isaac_Newton_in_popular_culture,link
18938265,"""Weird_Al""_Yankovic",43,359520,Joan_Jett,link
18938265,"""Weird_Al""_Yankovic",21,4109668,Jurassic_Park_(song),link
18938265,"""Weird_Al""_Yankovic",15,23138134,Internet_Leaks,link
18938265,"""Weird_Al""_Yankovic",14,44955052,List_of_Epic_Rap_Battles_of_History_episodes,link
18938265,"""Weird_Al""_Yankovic",10,1601775,Let's_Get_It_Started,link
18938265,"""Weird_Al""_Yankovic",19,462389,List_of_The_Simpsons_guest_stars,link
18938265,"""Weird_Al""_Yankovic",10,28271869,Hurley_(album),other
18938265,"""Weird_Al""_Yankovic",114,1742323,Fat_(song),link
18938265,"""Weird_Al""_Yankovic",5129,null,other-empty,other
18938265,"""Weird_Al""_Yankovic",23,32851,Wiki,other
18938265,"""Weird_Al""_Yankovic",95,228355,The_Naked_Gun:_From_the_Files_of_Police_Squad!,link
18938265,"""Weird_Al""_Yankovic",11,6932227,The_Saga_Begins_(album),link
18938265,"""Weird_Al""_Yankovic",14,10128701,The_Biggest_Ball_of_Twine_in_Minnesota,link
18938265,"""Weird_Al""_Yankovic",24,7198320,Weasel_Stomping_Day,link
18938265,"""Weird_Al""_Yankovic",44,2026444,The_Safety_Dance,link
18938265,"""Weird_Al""_Yankovic",11,19653364,"Whatever_You_Like_(""Weird_Al""_Yankovic_song)",link
18938265,"""Weird_Al""_Yankovic",10,41684727,Whiplash_(2014_film),other
18938265,"""Weird_Al""_Yankovic",91,5419140,The_Naked_Gun,link
18938265,"""Weird_Al""_Yankovic",10,40688399,Timber_(song),link
18938265,"""Weird_Al""_Yankovic",65,1584368,Yankovic,link
18938265,"""Weird_Al""_Yankovic",15,3732122,Steve_Jay,link
18938265,"""Weird_Al""_Yankovic",80,890630,Vanna_White,link
18938265,"""Weird_Al""_Yankovic",21,43630148,Wallykazam!,link
18938265,"""Weird_Al""_Yankovic",27,681822,UHF_–_Original_Motion_Picture_Soundtrack_and_Other_Stuff,link
18938265,"""Weird_Al""_Yankovic",16,3070376,The_Food_Album,link
18938265,"""Weird_Al""_Yankovic",34,4584644,Yoda_(song),link
18938265,"""Weird_Al""_Yankovic",23,8567806,WordGirl,link
18938265,"""Weird_Al""_Yankovic",92,43309524,Word_Crimes,link
18938265,"""Weird_Al""_Yankovic",13,87474,Tony_Hawk,link
18938265,"""Weird_Al""_Yankovic",24,1969519,U_Can't_Touch_This,link
18938265,"""Weird_Al""_Yankovic",32,37656763,Thrift_Shop,link
18938265,"""Weird_Al""_Yankovic",832,18784650,Super_Bowl_XLIX,other
18938265,"""Weird_Al""_Yankovic",21,4109439,"You_Don't_Love_Me_Anymore_(""Weird_Al""_Yankovic_song)",link
18938265,"""Weird_Al""_Yankovic",57,1867173,Naked_Gun_33⅓:_The_Final_Insult,link
18938265,"""Weird_Al""_Yankovic",10,22572,October_23,link
18938265,"""Weird_Al""_Yankovic",14,382199,Ray_Manzarek,link
18938265,"""Weird_Al""_Yankovic",11,6967012,Seth_Green,link
18938265,"""Weird_Al""_Yankovic",24,23811071,Party_in_the_U.S.A.,link
18938265,"""Weird_Al""_Yankovic",118,1273502,Loser_(Beck_song),link
18938265,"""Weird_Al""_Yankovic",16,262457,R._Lee_Ermey,link
18938265,"""Weird_Al""_Yankovic",11,26678,Star_Wars,link
18938265,"""Weird_Al""_Yankovic",39,611396,Rick_Derringer,link
18938265,"""Weird_Al""_Yankovic",12,37287,Scooby-Doo,link
18938265,"""Weird_Al""_Yankovic",11,194036,Spike_Jones,link
18938265,"""Weird_Al""_Yankovic",11,57317,Prince_(musician),other
18938265,"""Weird_Al""_Yankovic",102,2043990,Spy_Hard,link
18938265,"""Weird_Al""_Yankovic",84,12694177,Lynwood_High_School,link
18938265,"""Weird_Al""_Yankovic",54,681814,Off_the_Deep_End,link
18938265,"""Weird_Al""_Yankovic",14,21073,Mad_(magazine),link
18938265,"""Weird_Al""_Yankovic",18,3434143,Richard_Stallman,link
18938265,"""Weird_Al""_Yankovic",20,89662,Margaret_Cho,link
18938265,"""Weird_Al""_Yankovic",11,1417851,One_Week_(song),link
18938265,"""Weird_Al""_Yankovic",18,39762022,My_Little_Pony:_Friendship_Is_Magic_(season_4),link
18938265,"""Weird_Al""_Yankovic",12,573460,Space_Ghost_Coast_to_Coast,link
18938265,"""Weird_Al""_Yankovic",14,2246914,Ray_of_Light_(song),link
18938265,"""Weird_Al""_Yankovic",29,25140047,NOH8_Campaign,other
18938265,"""Weird_Al""_Yankovic",85,1955961,Smells_Like_Nirvana,link
18938265,"""Weird_Al""_Yankovic",13,371187,National_Enquirer,link
18938265,"""Weird_Al""_Yankovic",14,36809740,Radioactive_(Imagine_Dragons_song),link
18938265,"""Weird_Al""_Yankovic",99,681810,"Running_with_Scissors_(""Weird_Al""_Yankovic_album)",link
18938265,"""Weird_Al""_Yankovic",20,1490639,Pokémon:_The_Movie_2000,link
18938265,"""Weird_Al""_Yankovic",14,4109077,Money_for_Nothing/Beverly_Hillbillies*,link
18938265,"""Weird_Al""_Yankovic",15,28214451,Mad_(TV_series),link
18938265,"""Weird_Al""_Yankovic",14,1700806,One_of_Us_(Joan_Osborne_song),other
18938265,"""Weird_Al""_Yankovic",39,31552317,Perform_This_Way,link
18938265,"""Weird_Al""_Yankovic",27,104998,Michael_Richards,link
18938265,"""Weird_Al""_Yankovic",31,1527386,Robot_Chicken,link
18938265,"""Weird_Al""_Yankovic",19,2300912,Party_All_the_Time,link
18938265,"""Weird_Al""_Yankovic",1553,null,other-yahoo,other
4161738,"""Weird_Al""_Yankovic_Live!",12,7630017,"""Weird_Al""_Yankovic_discography",link
4161738,"""Weird_Al""_Yankovic_Live!",10,null,other-wikipedia,other
4161738,"""Weird_Al""_Yankovic_Live!",26,null,other-google,other
4161738,"""Weird_Al""_Yankovic_Live!",10,33246249,"""Weird_Al""_Yankovic_Live!:_The_Alpocalypse_Tour",link
4161738,"""Weird_Al""_Yankovic_Live!",11,null,other-empty,other
7630017,"""Weird_Al""_Yankovic_discography",532,null,other-empty,other
7630017,"""Weird_Al""_Yankovic_discography",27,1955961,Smells_Like_Nirvana,link
7630017,"""Weird_Al""_Yankovic_discography",15,31552317,Perform_This_Way,link
7630017,"""Weird_Al""_Yankovic_discography",25,739408,Eat_It,link
7630017,"""Weird_Al""_Yankovic_discography",21,4649999,911_(Wyclef_Jean_song),other
7630017,"""Weird_Al""_Yankovic_discography",1871,18938265,"""Weird_Al""_Yankovic",link
7630017,"""Weird_Al""_Yankovic_discography",30,998258,Amish_Paradise,link
7630017,"""Weird_Al""_Yankovic_discography",11,6600777,Don't_Download_This_Song,link
7630017,"""Weird_Al""_Yankovic_discography",17,1742323,Fat_(song),link
7630017,"""Weird_Al""_Yankovic_discography",10,43350433,Lame_Claim_to_Fame,link
7630017,"""Weird_Al""_Yankovic_discography",11,43039420,Everything_Will_Be_Alright_in_the_End,other
7630017,"""Weird_Al""_Yankovic_discography",167,null,other-yahoo,other
7630017,"""Weird_Al""_Yankovic_discography",21,null,other-other,other
7630017,"""Weird_Al""_Yankovic_discography",13,4070747,Ricky_(song),link
7630017,"""Weird_Al""_Yankovic_discography",33,43070100,Mandatory_Fun,link
7630017,"""Weird_Al""_Yankovic_discography",189,15580374,Main_Page,other
7630017,"""Weird_Al""_Yankovic_discography",36,6075882,White_&_Nerdy,link
7630017,"""Weird_Al""_Yankovic_discography",84,null,other-bing,other
7630017,"""Weird_Al""_Yankovic_discography",52,2018105,"List_of_songs_recorded_by_""Weird_Al""_Yankovic",link
7630017,"""Weird_Al""_Yankovic_discography",10,11311126,It's_All_About_the_Pentiums,link
7630017,"""Weird_Al""_Yankovic_discography",67,null,other-twitter,other
7630017,"""Weird_Al""_Yankovic_discography",1478,null,other-google,other
7630017,"""Weird_Al""_Yankovic_discography",137,null,other-wikipedia,other
43882355,What_Is_This_Heart?,21,null,other-wikipedia,other
43882355,What_Is_This_Heart?,132,null,other-google,other
43882355,What_Is_This_Heart?,56,null,other-empty,other
43882355,What_Is_This_Heart?,1025,29054561,How_to_Dress_Well,link
43882355,What_Is_This_Heart?,12,33658579,List_of_albums_awarded_Pitchfork_Best_New_Album,other
43882355,What_Is_This_Heart?,128,37202658,Total_Loss_(album),other
37813210,Where_Are_Your_Keys?,12,null,other-other,other
37813210,Where_Are_Your_Keys?,37,null,other-google,other
37813210,Where_Are_Your_Keys?,11,null,other-empty,other
37813210,Where_Are_Your_Keys?,17,null,other-wikipedia,other
37813210,Where_Are_Your_Keys?,71,595282,Hand_game,other
37813210,Where_Are_Your_Keys?,29,10077425,Alutiiq_language,link
37813210,Where_Are_Your_Keys?,58,261070,Total_physical_response,other
37813210,Where_Are_Your_Keys?,71,9058458,Squamish_language,other
41363180,"""Yes,_And""_rule",15,null,other-google,other
27111155,"""You've_Got""_the_Touch",13,null,other-empty,other
27111155,"""You've_Got""_the_Touch",187,null,other-google,other
35881722,"""Yume""_~Mugen_no_Kanata~",12,null,other-google,other
35881722,"""Yume""_~Mugen_no_Kanata~",10,29264213,Vivid_(band),link
36439291,"_(disambiguation)	other
",10,null,other-wikipedia,null
36439291,"_(disambiguation)	link
",231,7468179,Quotation_mark,null
36439291,"_(disambiguation)	other
",17,null,other-empty,null
null,et_cetera,115,202033,ECT,redlink
null,etc.,244,202033,ECT,redlink
11489847,$1.99_Romances,11,null,other-wikipedia,other
11489847,$1.99_Romances,18,5885018,God_Street_Wine,link
11489847,$1.99_Romances,16,null,other-empty,other
39007767,$100_Guitar_Project,10,null,other-wikipedia,other
39007767,$100_Guitar_Project,33,null,other-google,other
39007767,$100_Guitar_Project,14,null,other-empty,other
39007767,$100_Guitar_Project,10,1588040,Nick_Didkovsky,link
39007767,$100_Guitar_Project,25,15608128,Ibanez_Jet_King,link
4042422,$2,86,null,other-google,other
4042422,$2,45,null,other-wikipedia,other
4042422,$2,21,15580374,Main_Page,other
4042422,$2,42,null,other-empty,other
1419311,$20,38,null,other-empty,other
1419311,$20,20,null,other-wikipedia,other
1419311,$20,21,null,other-google,other
1419311,$20,10,477331,United_States_ten-dollar_bill,other
24648172,$200,19,null,other-google,other
1245168,$25_Million_Dollar_Hoax,16,null,other-wikipedia,other
1245168,$25_Million_Dollar_Hoax,14,null,other-google,other
1245168,$25_Million_Dollar_Hoax,11,1023249,George_Gray_(television_personality),link
1245168,$25_Million_Dollar_Hoax,21,300567,Hidden_camera,link
1245168,$25_Million_Dollar_Hoax,19,429120,List_of_reality_television_programs,link
28612415,$O$_(Die_Antwoord_album),11,36094463,Diplo_production_discography,other
28612415,$O$_(Die_Antwoord_album),624,28588118,5_(Die_Antwoord_EP),other
28612415,$O$_(Die_Antwoord_album),385,29286930,Yolandi_Visser,other
28612415,$O$_(Die_Antwoord_album),294,26182691,Watkin_Tudor_Jones,other
28612415,$O$_(Die_Antwoord_album),446,34571991,Tension_(Die_Antwoord_album),other
28612415,$O$_(Die_Antwoord_album),32,28196738,MaxNormal.TV,other
28612415,$O$_(Die_Antwoord_album),241,null,other-empty,other
28612415,$O$_(Die_Antwoord_album),541,null,other-google,other
28612415,$O$_(Die_Antwoord_album),30,null,other-wikipedia,other
28612415,$O$_(Die_Antwoord_album),49,35421075,Evil_Boy,other
28612415,$O$_(Die_Antwoord_album),2527,26050642,Die_Antwoord,other
10231968,$_(disambiguation),11,22155074,C$_(disambiguation),link
10231968,$_(disambiguation),140,2308563,Dollar_sign,link
10231968,$_(disambiguation),14,null,other-google,other
10231968,$_(disambiguation),88,null,other-wikipedia,other
10231968,$_(disambiguation),116,null,other-empty,other
4213160,$_(film),25,3361673,Town_&_Country_(film),link
4213160,$_(film),31,801116,Richard_Brooks,link
4213160,$_(film),75,null,other-empty,other
4213160,$_(film),10,171680,1971_in_film,link
4213160,$_(film),37,313518,Gert_Fröbe,link
4213160,$_(film),123,48071,Goldie_Hawn,link
4213160,$_(film),12,1022198,Heist,link
4213160,$_(film),10,null,other-other,other
4213160,$_(film),140,62809,Warren_Beatty,link
4213160,$_(film),40,null,other-wikipedia,other
4213160,$_(film),86,null,other-google,other
4213160,$_(film),14,12379987,List_of_crime_films_of_the_1970s,link
4597115,$pread,11,11984730,Index_of_human_sexuality_articles,link
4597115,$pread,26,null,other-empty,other
4597115,$pread,12,22814756,Madison_Young,link
4597115,$pread,99,null,other-google,other
4597115,$pread,32,null,other-wikipedia,other
4597115,$pread,27,33545134,Nica_Noelle,link
1831030,"$pringfield_(or,_How_I_Learned_to_Stop_Worrying_and_Love_Legalized_Gambling)",15,326309,Robert_Goulet,other
1831030,"$pringfield_(or,_How_I_Learned_to_Stop_Worrying_and_Love_Legalized_Gambling)",14,1681057,Treehouse_of_Horror_XIII,other
1831030,"$pringfield_(or,_How_I_Learned_to_Stop_Worrying_and_Love_Legalized_Gambling)",17,null,other-bing,other
1831030,"$pringfield_(or,_How_I_Learned_to_Stop_Worrying_and_Love_Legalized_Gambling)",11,3620042,Sweet_Seymour_Skinner's_Baadasssss_Song,link
1831030,"$pringfield_(or,_How_I_Learned_to_Stop_Worrying_and_Love_Legalized_Gambling)",13,57850,Springfield,other
1831030,"$pringfield_(or,_How_I_Learned_to_Stop_Worrying_and_Love_Legalized_Gambling)",84,4939444,The_Simpsons_(season_5),link
1831030,"$pringfield_(or,_How_I_Learned_to_Stop_Worrying_and_Love_Legalized_Gambling)",32,292279,List_of_recurring_The_Simpsons_characters,other
1831030,"$pringfield_(or,_How_I_Learned_to_Stop_Worrying_and_Love_Legalized_Gambling)",149,140332,List_of_The_Simpsons_episodes,link
1831030,"$pringfield_(or,_How_I_Learned_to_Stop_Worrying_and_Love_Legalized_Gambling)",77,14059,Howard_Hughes,other
1831030,"$pringfield_(or,_How_I_Learned_to_Stop_Worrying_and_Love_Legalized_Gambling)",48,null,other-wikipedia,other
1831030,"$pringfield_(or,_How_I_Learned_to_Stop_Worrying_and_Love_Legalized_Gambling)",741,null,other-google,other
1831030,"$pringfield_(or,_How_I_Learned_to_Stop_Worrying_and_Love_Legalized_Gambling)",12,598368,Josh_Weinstein,other
1831030,"$pringfield_(or,_How_I_Learned_to_Stop_Worrying_and_Love_Legalized_Gambling)",29,2011385,Homer_the_Vigilante,link
1831030,"$pringfield_(or,_How_I_Learned_to_Stop_Worrying_and_Love_Legalized_Gambling)",12,1889929,Saddlesore_Galactica,other
1831030,"$pringfield_(or,_How_I_Learned_to_Stop_Worrying_and_Love_Legalized_Gambling)",270,null,other-empty,other
1831030,"$pringfield_(or,_How_I_Learned_to_Stop_Worrying_and_Love_Legalized_Gambling)",44,3605255,The_Last_Temptation_of_Homer,link
1578140,%s,1820,null,other-google,other
1578140,%s,13,null,other-twitter,other
1578140,%s,233,null,other-wikipedia,other
1578140,%s,29756,null,other-empty,other
